Changes made at Sat Aug  9 05:58:18 UTC 2025
Changes made at Thu Nov 20 14:06:29 UTC 2025
Changes made at Thu Nov 20 14:19:16 UTC 2025
Changes made at Thu Nov 20 16:24:48 UTC 2025
Changes made at Fri Nov 21 08:26:58 UTC 2025
Changes made at Fri Nov 21 10:19:56 UTC 2025
Changes made at Fri Nov 21 14:18:31 UTC 2025
Changes made at Fri Nov 21 16:23:54 UTC 2025
Changes made at Sat Nov 22 08:22:46 UTC 2025
Changes made at Sat Nov 22 10:17:59 UTC 2025
Changes made at Sat Nov 22 14:15:40 UTC 2025
Changes made at Sat Nov 22 16:21:04 UTC 2025
Changes made at Sun Nov 23 08:22:38 UTC 2025
Changes made at Sun Nov 23 10:18:05 UTC 2025
Changes made at Sun Nov 23 14:15:50 UTC 2025
Changes made at Sun Nov 23 16:21:04 UTC 2025
Changes made at Mon Nov 24 08:27:34 UTC 2025
